<?xml version="1.0" encoding="UTF-8"?>
<!DOCTYPE suite SYSTEM "http://testng.org/testng-1.0.dtd">
<suite name="Practice Suite">
<listeners><listener class-name="Listeners.TestNGListeners"></listener></listeners>
    <parameter name="userName" value="standard_user"></parameter>
    <parameter name="password" value="secret_sauce"></parameter>

    <parameter name="browserName" value="Chrome"></parameter>

    <test name="Sanity">
        <classes>
            <class name="TestCases.LoginTestCasePF"></class>
        </classes>
    </test>
<!--    <test name="Regression">
        <classes>
            <class name="TestCases.LoginTestCasePF"></class>
            <class name="TestCases.abc123"></class>
            <class name="TestCases.PositiveTestLogin">
                <methods>
                    <include name="loginTestCase003"></include>
                    <include name="loginTestCase004"></include>
                </methods>
            </class>
        </classes>
    </test>-->
</suite> <!-- Suite -->